{
  "nombre_modelo": "3workers",
  "fecha_guardado": "2026-05-06 12:30:21",
  "precision_test": 84.77,
  "epocas": 30,
  "learning_rate": 0.001,
  "training_time_seconds": 2950.8236,
  "arquitectura": {
    "entrada": null,
    "oculta": null,
    "salida": null
  },
  "info_extra": {
    "num_workers": 3,
    "architecture": "ImageNet ResNet - Distributed with Sockets",
    "server_host": "192.168.61.112",
    "server_port": 6000,
    "tiempo_total_segundos": 2950.8236,
    "historial_intervalo_epochs": [
      1,
      2,
      3,
      4,
      5,
      6,
      7,
      8,
      9,
      10,
      11,
      12,
      13,
      14,
      15,
      16,
      17,
      18,
      19,
      20,
      21,
      22,
      23,
      24,
      25,
      26,
      27,
      28,
      29,
      30
    ],
    "historial_intervalo_times": [
      100.771313,
      199.973826,
      297.482943,
      396.0913,
      493.829998,
      592.195835,
      689.116949,
      787.295479,
      883.921478,
      981.216414,
      1078.436694,
      1174.690161,
      1272.210071,
      1372.576357,
      1468.371219,
      1564.841909,
      1661.668078,
      1757.244848,
      1853.520359,
      1949.193548,
      2045.528276,
      2145.57994,
      2243.789969,
      2341.282418,
      2437.248181,
      2533.90352,
      2631.533611,
      2735.734415,
      2833.489997,
      2950.823647
    ],
    "historial_intervalo_acc_train": [
      0.09,
      2.76,
      4.52,
      6.07,
      7.51,
      9.26,
      11.58,
      12.98,
      17.36,
      16.52,
      18.2,
      22.5,
      20.1,
      22.78,
      29.5,
      31.92,
      32.28,
      31.29,
      41.09,
      44.1,
      49.82,
      54.77,
      56.74,
      57.81,
      60.83,
      60.96,
      68.58,
      73.85,
      77.05,
      82.1
    ],
    "historial_intervalo_loss": [
      6.971817,
      6.220051,
      5.682278,
      5.382454,
      5.07921,
      5.130767,
      4.672128,
      4.667129,
      4.352219,
      4.196376,
      3.925694,
      3.700958,
      3.566754,
      3.317792,
      3.321411,
      3.319063,
      2.933086,
      2.91708,
      3.043695,
      2.779007,
      2.507388,
      2.412668,
      2.248052,
      2.133705,
      2.021323,
      1.856853,
      1.721414,
      1.622792,
      1.475816,
      1.359177
    ],
    "model_path": "models/3workers_imagenet.pt",
    "dataset_split": "train",
    "num_classes": 1000
  }
}