{
  "nombre_modelo": "6workers",
  "fecha_guardado": "2026-05-06 13:20:00",
  "precision_test": 82.4,
  "epocas": 30,
  "learning_rate": 0.001,
  "training_time_seconds": 1926.5585,
  "arquitectura": {
    "entrada": null,
    "oculta": null,
    "salida": null
  },
  "info_extra": {
    "num_workers": 6,
    "architecture": "ImageNet ResNet - Distributed with Sockets",
    "server_host": "192.168.61.112",
    "server_port": 6000,
    "tiempo_total_segundos": 1926.5585,
    "historial_intervalo_epochs": [
      1,
      2,
      3,
      4,
      5,
      6,
      7,
      8,
      9,
      10,
      11,
      12,
      13,
      14,
      15,
      16,
      17,
      18,
      19,
      20,
      21,
      22,
      23,
      24,
      25,
      26,
      27,
      28,
      29,
      30
    ],
    "historial_intervalo_times": [
      66.0953,
      131.4077,
      198.105,
      263.9095,
      325.2265,
      394.2314,
      451.1243,
      509.6499,
      594.8844,
      645.0511,
      714.7218,
      778.5632,
      827.6298,
      948.7458,
      997.1393,
      1036.7012,
      1113.7536,
      1190.1561,
      1276.0771,
      1297.4019,
      1369.8082,
      1425.1055,
      1500.6694,
      1593.0669,
      1594.0669,
      1682.3365,
      1721.2288,
      1795.6936,
      1796.6936,
      1926.5585
    ],
    "historial_intervalo_acc_train": [
      0.09,
      3.53,
      9.28,
      11.63,
      15.3,
      18.43,
      22.05,
      25.46,
      28.78,
      31.85,
      35.79,
      40.21,
      43.28,
      44.89,
      48.6,
      50.68,
      54.06,
      56.67,
      58.67,
      60.09,
      62.69,
      64.79,
      67.8,
      69.14,
      71.53,
      71.99,
      74.14,
      76.2,
      77.97,
      80.0
    ],
    "historial_intervalo_loss": [
      6.971817,
      6.330051,
      5.782278,
      5.482554,
      5.17921,
      5.140767,
      4.672128,
      4.667129,
      4.352219,
      4.296376,
      3.925694,
      3.700958,
      3.566754,
      3.417792,
      3.321411,
      3.166953,
      2.889642,
      2.645282,
      2.457668,
      2.308247,
      2.312986,
      2.143406,
      2.198528,
      1.927521,
      1.805034,
      1.822933,
      1.569949,
      1.514823,
      1.37736,
      1.2
    ],
    "model_path": "models/6workers_imagenet.pt",
    "dataset_split": "train",
    "num_classes": 1000
  }
}