{
  "nombre_modelo": "Google 2Workers",
  "fecha_guardado": "2026-04-13 12:39:19",
  "precision_test": 47.49,
  "epocas": 60,
  "learning_rate": 0.001,
  "training_time_seconds": 22590.043895,
  "arquitectura": {
    "entrada": null,
    "oculta": null,
    "salida": null
  },
  "info_extra": {
    "num_workers": 2,
    "architecture": "CIFAR10 CNN - Distributed with Sockets",
    "server_host": "10.138.0.4",
    "server_port": 6000,
    "tiempo_total_segundos": 22590.043895,
    "historial_intervalo_epochs": [
      1,
      2,
      3,
      4,
      5,
      6,
      7,
      8,
      9,
      10,
      11,
      12,
      13,
      14,
      15,
      16,
      17,
      18,
      19,
      20,
      21,
      22,
      23,
      24,
      25,
      26,
      27,
      28,
      29,
      30,
      31,
      32,
      33,
      34,
      35,
      36,
      37,
      38,
      39,
      40,
      41,
      42,
      43,
      44,
      45,
      46,
      47,
      48,
      49,
      50,
      51,
      52,
      53,
      54,
      55,
      56,
      57,
      58,
      59,
      60
    ],
    "historial_intervalo_times": [
      385.814825,
      738.102126,
      1109.803145,
      1528.148745,
      1860.131962,
      2159.762086,
      2644.158693,
      2931.717949,
      3315.702886,
      3781.492652,
      4145.07581,
      4505.316525,
      4967.710322,
      5312.565315,
      5687.225961,
      6136.620065,
      6473.018991,
      6796.677932,
      7160.502267,
      7553.648806,
      7813.831862,
      8205.964538,
      8551.712818,
      8927.52416,
      9248.847715,
      9635.589468,
      10106.352424,
      10468.20308,
      10903.10863,
      11286.136799,
      11668.13474,
      12082.992605,
      12534.545477,
      12916.722335,
      13238.554428,
      13626.755917,
      13942.054441,
      14324.888835,
      14653.394737,
      15040.084291,
      15335.129865,
      15716.375861,
      16101.934128,
      16462.910563,
      16855.558111,
      17286.261841,
      17635.393089,
      18062.211095,
      18432.573597,
      18820.043895,
      19156.019534,
      19512.412731,
      19837.005985,
      20219.604343,
      20566.464319,
      20819.08913,
      21262.132825,
      21701.698202,
      22083.778163,
      22590.043895
    ],
    "historial_intervalo_acc_train": [
      15.0,
      15.16,
      16.16,
      18.11,
      18.88,
      20.49,
      21.6,
      21.1,
      22.08,
      22.46,
      21.95,
      21.82,
      19.96,
      20.69,
      20.55,
      21.74,
      21.01,
      23.12,
      22.94,
      20.86,
      22.55,
      23.33,
      24.31,
      23.81,
      24.6,
      24.48,
      25.83,
      28.12,
      27.88,
      28.51,
      28.54,
      28.99,
      29.8,
      31.22,
      29.17,
      30.59,
      32.13,
      30.21,
      33.37,
      32.44,
      33.11,
      36.12,
      37.04,
      38.81,
      38.75,
      41.59,
      42.62,
      45.68,
      45.44,
      47.49,
      48.14,
      48.7,
      49.31,
      50.02,
      50.5,
      51.02,
      51.29,
      51.7,
      51.89,
      52.11
    ],
    "historial_intervalo_loss": [
      2.316314,
      2.236866,
      2.150984,
      2.109608,
      2.090339,
      1.980037,
      1.958674,
      1.909689,
      1.877544,
      1.777723,
      1.77224,
      1.756068,
      1.725857,
      1.710771,
      1.676575,
      1.6484,
      1.606644,
      1.57548,
      1.550708,
      1.565669,
      1.513366,
      1.510121,
      1.498419,
      1.474628,
      1.445313,
      1.438486,
      1.425347,
      1.404985,
      1.385166,
      1.430696,
      1.376097,
      1.361297,
      1.358396,
      1.352277,
      1.331821,
      1.31188,
      1.295339,
      1.281732,
      1.275192,
      1.316447,
      1.244777,
      1.239041,
      1.222156,
      1.209376,
      1.197988,
      1.181165,
      1.169991,
      1.157776,
      1.150052,
      1.202876,
      1.182383,
      1.165694,
      1.151186,
      1.136359,
      1.125261,
      1.108754,
      1.097456,
      1.08538,
      1.075007,
      1.064838
    ],
    "model_path": "models/_cifar10.pt"
  }
}